Institution,Tier
Institution Name,Tier
Acharya Nagarjuna University,Tier1
Alagappa University,Tier1
Aligarh Muslim University AMU,Tier1
All India Institute of Medical Sciences (AIIMS) Bhopal,Tier1
All India Institute of Medical Sciences (AIIMS) Bhubaneswar,Tier1
All India Institute of Medical Sciences (AIIMS) Jodhpur,Tier1
All India Institute of Medical Sciences (AIIMS) New Delhi,Tier1
All India Institute of Medical Sciences (AIIMS) Patna,Tier1
All India Institute of Medical Sciences (AIIMS) Raipur,Tier1
All India Institute of Medical Sciences (AIIMS) Rishikesh,Tier1
"Amrita Vishwa Vidyapeetham, Coimbatore",Tier1
Andhra University Waltair Visakhapatnam,Tier1
Annamalai University,Tier1
"Anna University, Chennai",Tier1
"Anna University, Coimbatore",Tier1
"Anna University, Tiruchirappalli",Tier1
"Anna University, Tirunelveli",Tier1
"Babasaheb Bhimrao Ambedkar University, Lucknow",Tier1
Banaras Hindu University (BHU),Tier1
Banasthali Vidyapith,Tier1
Bangalore University (BU),Tier1
Berhampur University,Tier1
Bharathiar University,Tier1
Bharathidasan University,Tier1
"Bharath Institute of Higher Education and Research (BIHER), Chennai",Tier1
Bharath Institute of Higher Education and Research (BIHER),Tier1
Bharati Vidyapeeth,Tier1
Birla Institute of Technology & Science (BITS Pilani),Tier1
"B.S. Abdur Rahman Crescent Institute of Science and Technology, Chennai",Tier1
B.S. Abdur Rahman Crescent Institute of Science and Technology,Tier1
"Central Institute of Fisheries Education (CIFE), Mumbai",Tier1
Central Institute of Higher Tibetan Studies (CIHTS),Tier1
"Central Institute of Technology, Kokrajhar (CITK)",Tier1
"Centurion University of Technology and Management, Paralakhemundi",Tier1
Charotar University of Science and Technology (CHARUSAT),Tier1
Chennai Mathematical Institute (CMI),Tier1
Chettinad Academy of Research and Education (CARE),Tier1
"Christ University, Bangalore",Tier1
"Cochin University of Science and Technology, Kochi",Tier1
"Datta Meghe Institute of Medical Sciences, Nagpur",Tier1
"Dayalbagh Educational Institute, Dayalbagh, Agra",Tier1
"Deen Bandhu Chhotu Ram University of Science and Technology (DCRUST), Murthal",Tier1
"Devi Ahilya Vishwavidyalaya (DAVV), Indore",Tier1
Devi Ahilya Vishwavidyalaya (DAVV),Tier1
"Directorate of Technical Education, Assam",Tier1
"Dr. Babasaheb Ambedkar Marathwada University (BAMU), Aurangabad",Tier1
"Dr. D. Y. Patil Vidyapeeth, Pune",Tier1
"Dr. Hari Singh Gour Vishwavidyalaya, Sagar",Tier1
"Dr. M.G.R. Educational and Research Institute, Chennai",Tier1
"Gandhigram Rural Institute (GRI), Dindigul",Tier1
"Gandhi Institute of Technology and Management - GITAM (Deemed to be University), Visakhapatnam",Tier1
"GLA University, Mathura",Tier1
"Gokhale Institute of Politics and Economics, Pune",Tier1
"Gujarat Ayurved University, Jamnagar",Tier1
"Gujarat Forensic Sciences University, Gandhinagar",Tier1
"Gujarat National Law University (GNLU), Gandhinagar",Tier1
"Gujarat Vidyapith, Ahmedabad",Tier1
"Guru Gobind Singh Indraprastha University, Delhi",Tier1
"Guru Jambheshwar University of Science and Technology, Hisar",Tier1
"Guru Nanak Dev University (G.N.D.U.), Amritsar",Tier1
"Hemchandracharya North Gujarat University (HNGU), Patan",Tier1
"Hemvati Nandan Bahuguna Garhwal University, Srinagar",Tier1
"Himachal Pradesh University (HPU), Shimla",Tier1
"Hindustan Institute of Technology & Science (HITS), Padur",Tier1
"Homi Bhabha National Institute (HBNI), Mumbai",Tier1
"ICFAI Foundation for Higher Education, Hyderabad",Tier1
"Indian Agricultural Research Institute ((IARI), New Delhi",Tier1
"Indian Institute of Foreign Trade (IIFT), New Delhi",Tier1
"Indian Institute of Information Technology, Allahabad (IIIT-Allahabad)",Tier1
"Indian Institute of Information Technology, Design and Manufacturing, Kurnool",Tier1
Indian Institute of Information Technology Design & Manufacturing Kancheepuram,Tier1
"Indian Institute of Information Technology, Dharwad",Tier1
"Indian Institute of Information Technology, Guwahati",Tier1
"Indian Institute of Information Technology, Kalyani",Tier1
"Indian Institute of Information Technology, Kota",Tier1
"Indian Institute of Information Technology, Kottayam",Tier1
"Indian Institute of Information Technology, Lucknow",Tier1
"Indian Institute of Information Technology, Nagpur",Tier1
"Indian Institute of Information Technology, Pune",Tier1
"Indian Institute of Information Technology, Ranchi",Tier1
"Indian Institute of Information Technology, Senapati",Tier1
"Indian Institute of Information Technology, Sonepat",Tier1
"Indian Institute of Information Technology, Sri City, Chittoor (IIIT Sri City (IIITS))",Tier1
"Indian Institute of Information Technology, Tiruchirapalli",Tier1
"Indian Institute of Information Technology, Una (IIIT, Una)",Tier1
"Indian Institute of Information Technology, Vadodara",Tier1
"Indian Institute of Science, Bangalore (IISc)",Tier1
Indian Institute of Technology Bhubaneswar,Tier1
"Indian Institute of Technology, Bombay",Tier1
"Indian Institute of Technology, Chennai",Tier1
"Indian Institute of Technology, Delhi (IIT Delhi)",Tier1
"Indian Institute of Technology, Dhanbad",Tier1
Indian Institute of Technology Dharwad,Tier1
Indian Institute of Technology Gandhinagar,Tier1
Indian Institute of Technology Goa (IIT Goa),Tier1
"Indian Institute of Technology, Guwahati (IITG)",Tier1
Indian Institute of Technology Hyderabad,Tier1
Indian Institute of Technology (IIT) Bhilai,Tier1
Indian Institute of Technology Indore,Tier1
Indian Institute of Technology Jammu (IIT Jammu),Tier1
"Indian Institute of Technology, Kanpur (IIT Kanpur)",Tier1
"Indian Institute of Technology, Kharagpur (IIT Kharagpur)",Tier1
Indian Institute of Technology Mandi (IIT Mandi),Tier1
Indian Institute of Technology Palakkad,Tier1
Indian Institute of Technology Patna (IIT Patna or IITP),Tier1
Indian Institute of Technology Punjab,Tier1
Indian Institute of Technology Rajasthan,Tier1
Indian Institute of Technology Roorkee (IIT Roorkee or IITR),Tier1
Indian Institute of Technology Tirupati,Tier1
Indian Institute of Technology Varanasi,Tier1
"Indian Law Institute (ILI), Delhi",Tier1
"Indian Statistical Institute (ISI), Kolkata",Tier1
"Indraprastha Institute of Information Technology, Delhi",Tier1
"Institute of Chemical Technology (ICT), Mumbai",Tier1
"Institute of Liver and Biliary Sciences (ILBS), New Delhi",Tier1
"International Institute of Information Technology, Bangalore",Tier1
"Jadavpur University, Kolkata",Tier1
"Jain University, Bangalore",Tier1
"Jain Vishva Bharati Institute (JVBI), Ladnun",Tier1
"Jamia Hamdard, New Delhi",Tier1
"Jamia Millia Islamia (JMI), New Delhi",Tier1
"Janardan Rai nagar Rajasthan Vidyapeeth, Udaipur",Tier1
Jawaharlal Institute of Postgraduate Medical Education and Research (JIPMER),Tier1
"Jawaharlal Nehru Centre for Advanced Scientific Research, Bangalore (JNCASR)",Tier1
Jawaharlal Nehru Technological University Hyderabad (JNTU Hyderabad),Tier1
Jawaharlal Nehru University (JNU),Tier1
Jaypee University of Engineering and Technology,Tier1
"Jiwaji University, Gwalior (JU)",Tier1
"Kakatiya University, Warangal",Tier1
"Kalasalingam University, Krishnankoil",Tier1
Karnataka State Law University (KSLU),Tier1
Karnatak University,Tier1
"Krishna Institute of Medical Sciences, Satara",Tier1
Kurukshetra University,Tier1
Lakshmibai National Institute of Physical Education (LNIPE),Tier1
Madurai Kamaraj University (MKU),Tier1
"Mahatma Gandhi Antarrashtriya Hindi Vishwavidyalaya, Wardha",Tier1
Mahatma Gandhi Chitrakoot Gramodaya Vishwavidyalaya (MGCGV),Tier1
"Mahatma Gandhi University, Kerala",Tier1
Manipur University,Tier1
"Manipal University, Manipal",Tier1
Maulana Azad National Institute of Technology Bhopal (M.P) India (MANIT),Tier1
Maulana Azad National Urdu University,Tier1
Mizoram University,Tier1
"Narsee Monjee Institute of Management Studies, Mumbai",Tier1
"National Academy of Legal Studies and Research University, Hyderabad",Tier1
"National Institute of Technology, Rourkela (NITR)",Tier1
"National Law School of India University, Bangalore",Tier1
"National Law University, Cuttack",Tier1
"National Law University, Delhi",Tier1
Nirma University (NU),Tier1
"NITTE University, Mangalore",Tier1
Noorul Islam Centre for Higher Education,Tier1
North Eastern Hill University (NEHU),Tier1
"North Maharashtra University, Jalgaon",Tier1
"O.P Jindal Global University, Sonipat",Tier1
Osmania University,Tier1
"Padmashree Dt. DY Patil Vidyapeeth, Mumbai",Tier1
"Pandit Deendayal Petroleum University, Gandhinagar",Tier1
Pandit Ravishankar Shukla University,Tier1
Periyar University,Tier1
Pondicherry University,Tier1
Pravara Institute of Medical Sciences (Deemed to be University),Tier1
"Presidency University, Kolkata",Tier1
Rabindra Bharati University,Tier1
"Rajiv Gandhi Institute of Petroleum Technology, Jais Amethi (RGIPT)",Tier1
"Rajiv Gandhi National University of Law, Punjab (RGNUL)",Tier1
"Rajiv Gandhi Proudyogiki Vishwavidyalaya, Bhopal (RGPV)",Tier1
Rashtrasant Takadoji Maharaj Nagpur University (RTMNU),Tier1
"Rashtriya Sanskrit Vidyapeeth, Tirupati",Tier1
Ravenshaw University,Tier1
Sambalpur University,Tier1
Sant Gadge Baba Amravati University,Tier1
Sardar Patel University (SPU),Tier1
"Sathyabama University, Chennai",Tier1
Saveetha Institute of Medical and Technical Sciences (SIST),Tier1
Savitribai Phule Pune University (SPPU),Tier1
"Shanmugha Arts, Science, Technology & Research Academy (SASTRA)",Tier1
Shiv Nadar University (SNU),Tier1
Shivaji University,Tier1
"Shreemati Nathibai Damodar Thackersey Women's University, Mumbai (SNDT Women's University)",Tier1
Shri Lal Bahadur Shastri Rashtriya Sanskrit Vidyapeetha,Tier1
Siksha 'O' Anusandhan (SOA),Tier1
S.P. Jain School of Global Management,Tier1
Sree Chitra Tirunal Institute for Medical Sciences and Technology (SCTIMST),Tier1
"Sri Balaji Vidyapeeth, Pillaiyarkuppam",Tier1
Sri Chandrasekharendra Saraswathi Viswa Mahavidyalaya (SCSVMV),Tier1
"Sri Padmavati Mahila Visvavidyalayam SPMVV, Tirupati",Tier1
Sri Ramachandra University,Tier1
Sri Siddhartha Academy of Higher Education (SSAHE),Tier1
Sumandeep Vidyapeeth (Sumandeep Vidyapeeth University),Tier1
Suresh Gyan Vihar University (SGVU),Tier1
Swami Vivekananda Yoga Anusandhana Samsthana,Tier1
Swami Vivekanand Subharti University (SVSU),Tier1
Symbiosis International University,Tier1
Tata Institute of Fundamental Research (TIFR),Tier1
Tata Institute of Social Sciences (TISS),Tier1
Tezpur University,Tier1
University of Burdwan,Tier1
University of Calcutta,Tier1
University of Calicut,Tier1
University of Delhi (DU),Tier1
University of Hyderabad (UoH),Tier1
University of Jammu,Tier1
University of Kalyani (KU),Tier1
University of Kashmir,Tier1
University of Kerala,Tier1
University of Madras,Tier1
University of Mumbai,Tier1
University of Mysore,Tier1
University of North Bengal (NBU),Tier1
University of Rajasthan,Tier1
Utkal University,Tier1
Veer Narmad South Gujarat University,Tier1
Vel Tech Rangarajan Dr. Sagunthala R & D Institute of Science and Technology,Tier1
Vikram University,Tier1
"Vignan University, Guntur",Tier1
VIT (Vellore Institute of Technology),Tier1
"Yenepoya University, Bangalore",Tier1
"YMCA University of Science and Technology, Faridabad",Tier1
AMET (Academy of Maritime Education and Training),Tier2
Academy of Scientic & Innovative Research (AcSIR),Tier2
"Acharya N G Ranga Agricultural University, Hyderabad",Tier2
"Amity University, Jaipur",Tier2
"Amity University, Noida",Tier2
Anand Agricultural University,Tier2
"Atal Bihari Vajpayee Hindi Vishwavidyalaya, Bhopal",Tier2
"Assam Agricultural University, Jorhat",Tier2
Assam Don Bosco University,Tier2
Assam University,Tier2
Avinashilingam Institute for Home Science and Higher Education for Women,Tier2
Awadhesh Pratap Singh University,Tier2
"B.L.D.E University, Bijapur",Tier2
"Babasaheb Bhimrao Ambedkar Bihar University, Muzaffarpur",Tier2
Barkatullah University,Tier2
Bengal Engineering & Science University,Tier2
"Bharat Ratna Dr B.R. Ambedkar University, Delhi",Tier2
Bidhan Chandra Krishi Vishwavidyalaya (BCKV),Tier2
"Birla Institute of Technology, Ranchi",Tier2
Birsa Agricultural University (BAU),Tier2
Bundelkhand University,Tier2
"Central Agricultural University (CAU), Imphal",Tier2
Central University of Gujarat (CUG),Tier2
Central University of Haryana (CUH),Tier2
Central University of Himachal Pradesh,Tier2
Central University of Jammu,Tier2
Central University of Jharkhand (CUJ),Tier2
Central University of Karnataka (CUK),Tier2
Central University of Kashmir,Tier2
Central University of Kerala (CUK),Tier2
Central University of Orissa,Tier2
Central University of Punjab,Tier2
Central University of Rajasthan (CURAJ),Tier2
Central University of South Bihar (CUSB),Tier2
Central University of Tamil Nadu (CUTN),Tier2
"Chaudhary Charan Singh Haryana Agricultural University, Hisar",Tier2
"Chaudhary Charan Singh University, Meerut",Tier2
Chaudhary Devi Lal University (CDLU),Tier2
Chaudhary Sarwan Kumar Himachal Pradesh Krishi Vishwavidyalaya,Tier2
Chhatrapati Shahu Ji Maharaj Kanpur University,Tier2
Chitkara University,Tier2
Davangere University,Tier2
"Dakshina Bharat Hindi Prachar Sabha, Chennai",Tier2
Deccan College Post Graduate & Research Institute,Tier2
Deendayal Upadhyaya Gorakhpur University,Tier2
Defence Institute of Advanced Technology (DIAT),Tier2
Dev Sanskriti Vishwavidyalaya (DSVV),Tier2
Dharmsinh Desai University (DDU),Tier2
Dhirubhai Ambani Institute of Information and Communication Technology (DA-IICT),Tier2
Dibrugarh University,Tier2
Doon University,Tier2
Dr B R Ambedkar National Institute of Technology Jalandhar (NIT Jalandhar or NITJ),Tier2
Dr. Babasaheb Ambedkar Technological University (DBATU),Tier2
"Dr. Bhimrao Ambedkar University, Agra (Dr. B.R. Ambedkar University, Agra)",Tier2
Dr. C.V. Raman University,Tier2
Dr. N.T.R. University of Health Sciences,Tier2
Dr. Yashwant Singh Parmar University of Horticulture and Forestry,Tier2
English and Foreign Languages University (EFLU),Tier2
Fakir Mohan University,Tier2
Forest Research Institute (FRI),Tier2
Footwear Design & Development Institute,Tier2
Gauhati University,Tier2
"Goa University, Taleigao Plateau",Tier2
Graphic Era University,Tier2
"Gujarat University, Ahmedabad",Tier2
Gulbarga University,Tier2
Guru Angad Dev Veterinary and Animal Sciences University (GADVASU),Tier2
"Guru Ghasidas Vishwavidyalaya, Bilaspur (GGU)",Tier2
"Gurukula Kangri Vishwavidyalaya, Hardwar",Tier2
Himachal Pradesh Board of Technical Education,Tier2
IFTM University (Institute of Foreign Trade and Management),Tier2
I.I.S. University,Tier2
I.K. Gujral Punjab Technical University (IKGPTU),Tier2
Indian Maritime University (IMU),Tier2
"Indian Institute of Engineering Science and Technology, Shibpur",Tier2
Indian Institute of Science Education and Research Bhopal,Tier2
Indian Institute of Science Education and Research Kolkata,Tier2
Indian Institute of Science Education and Research Pune,Tier2
Indian Institute of Science Education and Research Thiruvananthapuram,Tier2
Indian Institute of Science Education and Research Tirupati,Tier2
Indian Institute of Science Education & Research (IISER) Mohali,Tier2
"Indian Veterinary Research Institute (IVRI), Izatnagar",Tier2
"Indira Gandhi Institute of Development Research (IGIDR), Mumbai",Tier2
"Indira Kala Sangit Vishwavidyalaya (IKSV), Khairagarh",Tier2
Indira Gandhi National Open University (IGNOU),Tier2
"Indira Gandhi National Tribal University, Amarkantak",Tier2
Integral University,Tier2
International Institute for Population Sciences (IIPS),Tier2
International Institute of Information Technology,Tier2
Islamic University of Science and Technology,Tier2
Jagan Nath University,Tier2
"Jai Narain Vyas University, Jodhpur (JNVU)",Tier2
Jaipur National University,Tier2
Jawaharlal Nehru Technological University Anantapur (JNTU),Tier2
Jawaharlal Nehru Technological University Kakinada (JNTU Kakinada),Tier2
Jaypee Institute of Information Technology,Tier2
Jaypee University of Information Technology,Tier2
Junagadh Agricultural University (JAU),Tier2
Kalinga Institute of Industrial Technology (KIIT),Tier2
Kameshwar Singh Darbhanga Sanskrit University (KSDSU),Tier2
Kannada University,Tier2
Kumaun University,Tier2
Kannur University,Tier2
Karnataka State Women's University,Tier2
Karpagam Academy of Higher Education,Tier2
Kavikulguru Kalidas Sanskrit University (KKSU),Tier2
Kerala Agricultural University (KAU),Tier2
Kuvempu University,Tier2
Lalit Narayan Mithila University (LNMU),Tier2
Lingaya University,Tier2
LNM Institute of Information Technology (LNMIIT),Tier2
Maharaja Sayajirao University of Baroda,Tier2
Maharishi Markandeshwar Education Trust,Tier2
Malaviya National Institute of Technology Jaipur (MNIT),Tier2
Mangalore University (MU),Tier2
Maharaja Krishnakumarsinhji Bhavnagar University,Tier2
"Maharaja Ranjit Singh Punjab Technical University, Bathinda (MRSPTU)",Tier2
"Maharana Pratap University of Agriculture and Technology, Udaipur",Tier2
Maharashtra Animal & Fishery Sciences University (MAFSU),Tier2
"Maharashtra University of Health Sciences (MUHS), Nahsik",Tier2
"Maharishi Markandeshwar University, Sadopur-Ambala (MMU Sadopur)",Tier2
"Maharshi Dayanand Saraswati University, Ajmer",Tier2
"Maharshi Dayanand University (M.D. University), Rohtak",Tier2
"Mahatma Gandhi Central University (MGCU), Patna",Tier2
Mahatma Gandhi Kashi Vidyapeeth (also known as Mahatma Gandhi Kashi Vidyapith),Tier2
"Mahatma Gandhi University, Nalgonda",Tier2
"Mahatma Jyotiba Phule Rohilkhand University, Bareilly",Tier2
Manav Bharti University,Tier2
Manonmaniam Sundaranar University,Tier2
"Maulana Abul Kalam Azad University of Technology, West Bengal",Tier2
MGM Institute of Health Sciences,Tier2
Mohanlal Sukhadia University,Tier2
"Motilal Nehru National Institutie of Technology, Allahabad",Tier2
"Mother Teresa Women's University, Kodaikanal",Tier2
Nagaland University,Tier2
National Dairy Research Institute (NDRI),Tier2
National Institute of Fashion Technology (NIFT),Tier2
"National Law Institute University, Bhopal",Tier2
"National Law University, Jodhpur",Tier2
"National Museum Institute of History of Art, Conservation and Museology (NMIHACM)",Tier2
National Brain Research Centre,Tier2
National Institute of Foundry and Forge Technology,Tier2
National Institute of Mental Health and Neuro Sciences,Tier2
National Institute of Pharmaceutical Education and Research,Tier2
"National Institute of Technical Teachers' Training and Research, Bhopal",Tier2
"National Institute of Technical Teachers' Training and Research, Chandigarh",Tier2
"National Institute of Technical Teachers' Training and Research, Chennai",Tier2
"National Institute of Technical Teachers' Training and Research,Kolkata",Tier2
National Institute of Technology Agartala (NITA),Tier2
"National Institute of Technology, Aizawal",Tier2
National Institute of Technology Andhra Pradesh,Tier2
"National Institute of Technology, Arunachal Pradesh",Tier2
"National Institute of Technology, Calicut (NITC)",Tier2
National Institute of Technology Delhi (NITD),Tier2
"National Institute of Technology, Dimapur",Tier2
"National Institute of Technology, Durgapur (NITDGP)",Tier2
National Institute of Technology Goa (NITG),Tier2
"National Institute of Technology, Hamirpur (NITH)",Tier2
"National Institute of Technology, Imphal",Tier2
"National Institute of Technology, Jamshedpur (NITJSR)",Tier2
"National Institute of Technology, Kurukshetra ( NITKKR)",Tier2
"National Institute of Technology, Mindi",Tier2
"National Institute of Technology, Papum Pare",Tier2
National Institute of Technology Patna (NITP),Tier2
"National Institute of Technology, Puducherry (NITPY)",Tier2
"National Institute of Technology, Raipur (NITRR)",Tier2
"National Institute of Technology, Ravangla",Tier2
"National Institute of Technology, Shillong",Tier2
"National Institute of Technology, Silchar (NITS)",Tier2
"National Institute of Technology, Srinagar (NITSRI)",Tier2
"National Institute of Technology, Surathkal",Tier2
"National Institute of Technology, Tiruchirappalli (NITT)",Tier2
"National Institute of Technology, Warangal",Tier2
Navsari Agricultural University,Tier2
Nizam's Institute of Medical Sciences (NIMS),Tier2
Orissa University of Agriculture and Technology (OUAT),Tier2
"Pandit Dwarka Prasad Mishra Indian Institutie of Information Technology, Design and manufacturing",Tier2
Panjab University (PU),Tier2
Postgraduate Institute of Medical Education and Research (PGIMER),Tier2
Punjab Agricultural University (PAU),Tier2
Punjabi University,Tier2
Patna University,Tier2
Periyar Maniammai Institute of Science and Technology,Tier2
Ponnaiyah Ramajayam Institute of Science and Technology (PRIST),Tier2
"Punjab Engineering College (Deemed To Be University), Chandigarh",Tier2
"Rajasthan Agricultural University, Bikaner",Tier2
Rajiv Gandhi National Aviation University (RGNAU),Tier2
"Rajiv Gandhi University of Health Sciences, Karnataka (RGUHS)",Tier2
Rajiv Gandhi University (RGU),Tier2
Ranchi University (RU),Tier2
Rani Durgavati Vishwavidyalaya,Tier2
Rani Lakshmi Bai Central Agricultural University,Tier2
"Rashtriya Sanskrit Sansthana, New Delhi",Tier2
"Sam Higginbottom University of Agriculture, Technology and Sciences (SHUATS)",Tier2
Sampurnanand Sanskrit Vishwavidyalaya,Tier2
Sardar Vallabhbhai National Institute of Technology (SVNIT) Surat,Tier2
Saurashtra University,Tier2
"School of Planning and Architecture, Bhopal (SPAB)",Tier2
School of Planning and Architecture Delhi (SPA New Delhi),Tier2
"School of Planning and Architecture, Vijayawada (SPA Vijayawada)",Tier2
Sree Sankaracharya University of Sanskrit (SSUS),Tier2
Sri Sathya Sai Institute of Higher Learning,Tier2
Swami Ramanand Teerth Marathwada University (SRTMU),Tier2
Sanjay Gandhi Postgraduate Institute of Medical Sciences,Tier2
Sant Longowal Institute of Engineering and Technology (SLIET),Tier2
"Santosh University, Ghaziabad",Tier2
Sardarkrushinagar Dantiwada Agricultural University (SDAU),Tier2
Sharda University,Tier2
"Shoolini University of Biotechnology and Management Sciences, Solan",Tier2
Shri Jagannath Sanskrit Vishvavidyalaya,Tier2
Sikkim Manipal University,Tier2
Sikkim University,Tier2
Solapur University,Tier2
S.P. Jain Institute of Management and Research,Tier2
Sri Devaraj Urs Academy of Higher Education and Research,Tier2
Sri Krishnadevaraya University,Tier2
Sri Venkateswara Institute of Medical Sciences (SVIMS),Tier2
"SRM University (SRM Institute of Science and Technology), Kattankulathur",Tier2
St. Peter's Institute of Higher Education and Research,Tier2
"Tamil Nadu Agricultural University (TNAU), Coimbatore",Tier2
Tamil Nadu Dr. M.G.R. Medical University (TNMGRMU),Tier2
Tamil Nadu Physical Education and Sports University (TNPESU),Tier2
Tamil Nadu Veterinary and Animal Sciences University (TANUVAS),Tier2
Tamil University,Tier2
"TERI School of Advanced Studies, New Delhi",Tier2
Tilak Maharashtra Vidyapeeth (TMV),Tier2
Teerthanker Mahaveer University,Tier2
Telangana University,Tier2
The NorthCap University (NCU),Tier2
The West Bengal National University of Juridical Sciences (WBNUJS or NUJS),Tier2
T.M University,Tier2
"Tripura University (TU), Tripura",Tier2
Tumkur University,Tier2
"U.P King George's University of Dental Science, Lucknow",Tier2
"University of Agricultural Sciences (UAS), Bangalore",Tier2
University of Allahabad,Tier2
University of Gour Banga (UGB),Tier2
University of Kota,Tier2
University of Lucknow,Tier2
University of Petroleum and Energy Studies (UPES),Tier2
Veer Bahadur Singh Purvanchal University,Tier2
Veer Surendra Sai University of Technology (VSSUT),Tier2
"Vels Institute of Science, Technology & Advanced Studies (VISTAS)",Tier2
Vidyasagar University,Tier2
"Vinoba Bhave University, Hazaribag",Tier2
Visva Bharati,Tier2
"Visvesvaraya National Institute of Technology, Nagpur",Tier2
"Visvesvaraya Technological University (VTU), Belagavi",Tier2
West Bengal University of Animal and Fishery Sciences,Tier2
Yogi Vemana University (YVU),Tier2
Abhilashi University,Tier3
Adamas University,Tier3
Adesh University,Tier3
Adikavi Nannaya University,Tier3
Ahmedabad University,Tier3
"AISECT University, Bhopal",Tier3
"AISPECT University, Hazaribagh",Tier3
Ajeenkya DY Patil University,Tier3
Akal University (Guru Ki Kashi Akal University ),Tier3
"AKS University (AKSU), Satna",Tier3
Alak Prakash Goyal University,Tier3
Al-Falah University,Tier3
Aliah University,Tier3
Allahabad State University,Tier3
"Alliance University, Bangalore",Tier3
"Amity University, Gwalior",Tier3
"Amity University, Manesar",Tier3
"Amity University, Mumbai",Tier3
Amity University Patna,Tier3
"Amity University, Rajarhat",Tier3
"Amity University, Ranchi",Tier3
"Amity University, Tehsil -Tilda",Tier3
Anant National University,Tier3
Apeejay Stya University (ASU),Tier3
"Ansal University, Guraon",Tier3
Apex Professional University (APU),Tier3
APJ Abdul Kalam Technological University,Tier3
Arka Jain University,Tier3
Arni University,Tier3
Arunachal University of Studies,Tier3
Arunodaya University,Tier3
Aryabhatta Knowledge University (AKU),Tier3
Ashoka University,Tier3
Assam Down Town University,Tier3
Assam Rajiv Gandhi University of Co-operative Management (ARGUCOM),Tier3
Assam Science and Technology University,Tier3
Assam Women's University,Tier3
"AURO University of Hospitality and Management, Surat",Tier3
Avantika University,Tier3
Azim Premji University,Tier3
"Ayush and Health Sciences University of Chharrisgarh, Raipur",Tier3
Baba Farid University of Health Sciences,Tier3
Baba Ghulam Shah Badshah University,Tier3
Baba Mastnath University (BMU),Tier3
Babu Banarasi Das University,Tier3
Baddi University of Emerging Sciences and Technology,Tier3
Bahra University,Tier3
Banda University of Agriculture and Technology (BUAT),Tier3
Bankura University,Tier3
Bareilly International University (BIU),Tier3
Bastar Vishwavidyalaya (BVV),Tier3
Bengaluru Central University,Tier3
Bengaluru North University (BNU),Tier3
Bennett University,Tier3
Bhagat Phool Singh Mahila Vishwavidyalaya,Tier3
Bhagwant Global University,Tier3
Bhagwant University,Tier3
Bhakta Kavi Narsinh Mehta University (BKNMU),Tier3
Bhartiya Skill Development University,Tier3
"Bhatkhande Music Institute, Lucknow",Tier3
Bhupal Nobles University (BN University),Tier3
Bhupendra Narayan Mandal University (B. N. Mandal University),Tier3
Bihar Agricultural University,Tier3
Bihar Yoga Bharati,Tier3
Biju Patnaik University of Technology (BPUT),Tier3
"Bilaspur Vishwavidyala, Bilaspur",Tier3
Birla Global University (BGU),Tier3
Birla Institute of Technology (BIT Mesra),Tier3
BML Munjal University,Tier3
Bodoland University,Tier3
Brainware University,Tier3
"Calorx Teacher's University, Ahmedabad",Tier3
"Career Point University, Kota (CPU)",Tier3
"Career Pont University, Hamripur",Tier3
"Central Institute of Buddhist Studies, Ladakh",Tier3
Centre for Enviromental Planning and Technology University,Tier3
"Centurion University of Technology and Management, Visakhapatnam",Tier3
Chanakya National Law University (CNLU),Tier3
Chandigarh University (CU),Tier3
"Chandra Shekhar Azad University of Agriculture & Technology, Kanpur (CSAUA&T)",Tier3
Chaudhary Bansi Lal University (CBLU),Tier3
"Chaudhary Ranbir Singh University, Jind (CRSU)",Tier3
"Chhattisgarh Kamdhenu Vishwasvidyalaya, Raipur",Tier3
Chhattisgarh Swami Vivekanand Technical University (CSVTU),Tier3
Children's University,Tier3
Chinmaya Vishwavidyapeeth (CVV),Tier3
"Chitkara University, Tehsil Rajpura",Tier3
Cluster University of Jammu (CLUJ),Tier3
Cluster University of Srinagar,Tier3
CMR University (CMRU),Tier3
Cooch Behar Panchanan Barma University (CBPBU),Tier3
"Cotton Colllege State University, Guwahati",Tier3
CT University,Tier3
C. U. Shah University,Tier3
Damodaram Sanjivayya National Law University,Tier3
DAV University,Tier3
Dayananda Sagar University,Tier3
Delhi Pharmaceutical Sciences and Research University (DIPSAR),Tier3
Delhi Technological University (DTU),Tier1
Desh Bhagat University (DBU),Tier3
Diamond Harbour Women's University,Tier3
DIT University,Tier3
Dr. A.P.J. Abdul Kalam University,Tier3
Dravidian University,Tier3
Dr. Babasaheb Ambedkar Open University,Tier3
"Dr. Balasaheb Sawant Konkan Krishi Vidyapeeth, Dapoli",Tier3
Dr. Bhimrao Ambedkar Law University (ALU Jaipur),Tier3
Dr. B.R. Ambedkar Open University,Tier3
Dr. B. R. Ambedkar University of Social Sciences (BRAUSS),Tier3
"Dr. B. R. Ambedkar University, Srikakulam",Tier3
Dr. K.N. Modi University (DKNMU),Tier3
Dr. Panjabrao Deshmukh Krishi Vidyapeeth (PDKV or PKV),Tier3
Dr. Ram Manohar Lohia Avadh University,Tier3
Dr. Ram Manohar Lohiya National Law University (RMLNLU),Tier3
Dr. Vishwanath Karad MIT World Peace University,Tier3
Dr. Y.S.R. Horticultural University,Tier3
"D.Y. Patil Education Society, Kolhapur",Tier3
"Durg Vishwavidyalaya, Durg",Tier3
Era University,Tier3
Eternal University,Tier3
FLAME University,Tier3
Galgotias University,Tier3
Gangadhar Meher University,Tier3
Ganpat University (GUNI),Tier3
Garden City University,Tier3
Gautam Buddha Technical University,Tier3
Gautam Buddha University (GBU),Tier3
GD Goenka University (GDGU),Tier3
Geetanjali University (GU),Tier3
G.H. Raisoni University,Tier3
GLS University,Tier3
GNA University (GU),Tier3
Gondwana University,Tier3
"Govind Ballabh Pant University of Agriculture and Technology, Pantnagar",Tier3
Govind Guru Tribal University,Tier3
Graphic Era Parvatiya Vishwavidyalaya,Tier3
GSFC University,Tier3
Gujarat Technological University (GTU),Tier3
Gujarat Agricultural University,Tier3
Gujarat University of Transplantation Sciences (GUTS),Tier3
Guru Kashi University (GKU),Tier3
Guru Ravidas Ayurved University,Tier3
Gurugram University,Tier3
Harcourt Butler Technical University (HBTU),Tier3
Haridev Joshi University of Journalism and Mass Communication (HJU),Tier3
Haryana Vishwakarma Skill University,Tier3
"Hemwati Nandan Bahuguna Uttarakhand Medical Education University, Dehradun ((HNBUMU)",Tier3
Hidayatullah National Law University (HNLU),Tier3
Himachal Pradesh National Law University (HPNLU Shimla),Tier3
Himachal Pradesh Technical University,Tier3
Himalayan Garhwal University (HGU),Tier3
Himalayan University,Tier3
Himgiri Nabh Vishwavidyalaya,Tier3
Homoeopathy University,Tier3
"ICFAI University, Jaipur",Tier3
"ICFAI University, Kumhari",Tier3
IIHMR University (Indian Institute of Health management Research IIHMR),Tier3
"IIMT University (IIMTU), Meerut",Tier3
IMS Unison University (IUU),Tier3
India Education Centre University,Tier3
Indian Institute of Public Health - Gandhinagar,Tier3
Indian Institute of Space Science and Technology (IIST),Tier3
Indian Institute of Teacher Education (IITE),Tier3
Indira Gandhi Delhi Technical University for Women (IGDTUW),Tier3
Indira Gandhi Institute of Medical Sciences,Tier3
"Indira Gandhi Krishi Vishwavidyalaya, Raipur ((IGKV)",Tier3
Indira Gandhi Technological and Medical Science University (IGTAMSU),Tier3
Indira Gandhi University,Tier3
Indrashil University,Tier3
Indus International University (IIU),Tier3
Indus University,Tier3
"Institute of Advanced Research (IAR), Gandhinagar",Tier3
Institute of Advanced Studies in Education (IASE) Deemed University,Tier3
"Institute of Chartered Financial Analysts of India (ICFAI) University, Dehradun",Tier3
"Institute of Chartered Financial Analysts of India (ICFAI) University, Dimapur",Tier3
"Institute of Chartered Financial Analysts of India (ICFAI) University, Gangtok, Sikkim",Tier3
Institute of Trans-Disciplinary Health Sciences and Technology,Tier3
Institute of Infrastructure Technology Research and Management (IITRAM),Tier3
"International Institute of Information Technology, Bhubaneswar",Tier3
"International Institute of Information Technology, Naya Raipur",Tier3
Invertis University,Tier3
ISBM University,Tier3
"ITM University, Gwalior",Tier3
"ITM University, Raipur",Tier3
ITM Vocational University,Tier3
Jagadguru Ramanandacharya Rajasthan Sanskrit University,Tier3
Jagadguru Rambhadracharya Handicapped University (JRHU),Tier3
"Jagadguru Sri Shivarathreeshwara University, Mysore",Tier3
Jagran Lakecity University (JLU),Tier3
"Jai Prakash Vishwavidyalaya, Chapra (JPU)",Tier3
Jananayak Chandrashekhar University (JNCU),Tier3
Jawaharlal Nehru Architecture and Fine Arts University (JNAFAU),Tier3
Jawaharlal Nehru Krishi Vishwavidyalaya (JNKVV),Tier3
Jayoti Vidyapeeth Women's University,Tier3
Jaypee University Anoopshahar,Tier3
JECRC University,Tier3
Jharkhand Rai University (JRU),Tier3
Jharkhand Raksha Shakti University (JRSU),Tier3
JIS University,Tier3
JK Lakshmipat University (JKLU),Tier3
Jodhpur National University (JNU),Tier3
JSS Science & Technology University,Tier3
J.S University,Tier3
Kadi Sarva Vishwavidyalaya,Tier3
Kalinga Institute of Social Sciences (KISS),Tier3
Kalinga University,Tier3
Kaloji Narayan Rao University of Health Sciences (KNRUHS),Tier3
Kamdhenu University,Tier3
Karnataka Folklore University,Tier3
Karnataka Janapada Vishwavidalaya,Tier3
Karnataka Sanskrit University,Tier3
Karnataka State Open University (from 2018) (KSOU),Tier3
Karnataka State Rural Development and Panchayat Raj University (KSRDPRU),Tier3
"Karnataka Veterinary, Animal and Fisheries Sciences University (KVAFSU)",Tier3
Karnavati University (KU),Tier3
Karunya Institute of Technology and Sciences,Tier3
Kazi Nazrul University (KNU),Tier3
Kerala Kalamandalam (Deemed University for Art and Culture),Tier3
Kerala University of Fisheries and Ocean Studies (KUFOS),Tier3
Kerala University of Health Sciences,Tier3
Kerala Veterinary and Animal Sciences University,Tier3
Khallikote University (KUB),Tier3
"Khwaja Moinuddin Chishti Urdu, Arabi-Farsi University",Tier3
K.K. University (KKU),Tier3
KLE Technological University,Tier3
Kolhan University,Tier3
Koneru Lakshmaiah Education Foundation,Tier3
Krantiguru Shyamji Krishna Verma Kachchh University,Tier3
Krishna Kanta Handiqui State Open University (KKHSOU),Tier3
Krishna University (KrU),Tier3
K.R. Mangalam University KRMU,Tier3
"KSGH Music and Performing Arts University, Mysore",Tier3
Kumar Bhaskar Varma Sanskrit and Ancient Studies University (KBVSASU),Tier3
Kushabhau Thakre Patrakarita Avam Jansanchar Vishwavidyalaya,Tier3
Lakulish Yoga University,Tier3
Lala Lajpat Rai University of Veterinary and Animal Sciences (LUVAS),Tier3
LNCT University (LNCTU),Tier3
Lovely Professional University (LPU),Tier3
"Madan Mohan Malaviya University of Technology (MMMUT, Gorakhpur)",Tier3
Madhav University,Tier3
Madhya Pradesh Bhoj Open University,Tier3
"Madhya Pradesh Medical Science University, Jabalpur (M.P. Ayurvigyan Vishwavidyalaya)",Tier3
"Magadh University, Bodh Gaya",Tier3
Mahapurusha Srimanta Sankaradeva Viswavidyalaya,Tier3
Maharaja Agrasen University,Tier3
Maharaja Bir Bikram University (MBB University),Tier3
"Maharaja Chhatrasal Bundelkhand Vishwavidyalaya, Chhatarpur (MCBU)",Tier3
Maharaja Ganga Singh University,Tier3
"Maharaja Surajmal Brij University, Bharatpur",Tier3
"Maharaja Vinayak Global University, Jaipur",Tier3
Maharana Pratap Horticultural University (MHU),Tier3
"Maharashtra National Law University, Aurangabad",Tier3
"Maharashtra National law University, Mumbai",Tier3
"Maharashtra National Law University, Nagpur",Tier3
Maharishi Arvind University,Tier3
Maharishi Mahesh Yogi Vedic Vishwavidyalaya (MMYVV),Tier3
"Maharishi Markandeshwar University, Kumarhatti",Tier3
Maharishi Panini Sanskrit Evam Vedic Vishwavidyalaya (MPSVV),Tier3
Maharishi University of Information Technology (MUIT),Tier3
"Maharishi University of Management and Technology (MUMT), Mangla, Bilaspur (C.G)",Tier3
Mahatma Gandhi University of Medical Sciences and Technology,Tier3
"Mahatma Gandhi University, West Garo Hills",Tier3
Mahatma Jyoti Rao Phoole University,Tier3
"Mahatma Phule Krishi Vidyapeeth, Rahuri",Tier3
"Makhanlal Chaturvedi Rashtriya Patrakarita Vishwavidayala, Bhopal",Tier3
Malwanchal University,Tier3
Manav Rachna International University,Tier3
Mandsaur University,Tier3
Mangalayatan University,Tier3
"Manipal University, Jaipur",Tier3
Manipur Technical University (MTU),Tier3
Manipur University of Culture,Tier3
Marathwada Krishi Vidyapeeth,Tier3
Martin Luther Christian University,Tier3
Marwadi University (MU),Tier3
MATS University (Mahaveer Academy of Technology and Science University),Tier3
"Maulana Azad University, Jodhpur",Tier3
Maulana Mazharul Haque Arabic and Persian University (MMHAPU),Tier3
"Medi-Caps University, Indore",Tier3
Meenakshi Academy of Higher Education and Research (MAHER),Tier3
Mewar University,Tier3
"MIT Art, Design and Technology University (MIT-ADT)",Tier3
Mody University of Science and Technology,Tier3
Mohammad Ali Jauhar University,Tier3
Monad University,Tier3
"Motherhood University, Roorkee (MHU)",Tier3
M.S. Ramaiah University of Applied Sciences (MSRUAS),Tier3
MVN University,Tier3
"Nalanda Open University, Patna (NOU)",Tier3
Nalanda University,Tier3
Narendra Deva University of Agriculture & Technology,Tier3
National Institute of Food Technology Entrepreneurship and Management,Tier3
"National Law University and Judicial Academy, Assam (NLUJAA)",Tier3
National School of Drama,Tier3
National University of Advanced Legal Studies (NUALS),Tier3
National University of Educational Planning and Administration,Tier3
"National University of Study and Research in Law, Ranchi (NUSRL)",Tier3
Nava Nalanda Mahavihara (NNM),Tier3
Navrachana University,Tier3
"Nehru Gram Bharati Vishwavidalaya, Allahabad",Tier3
Netaji Subhash Open University,Tier3
NIILM University,Tier3
NIIT University,Tier3
Nilamber-Pitamber University (NPU),Tier3
NIMS University,Tier3
Noida International University,Tier3
North Eastern Regional Institute of Science & Technology (NERIST),Tier3
North East Frontier Technical University (NEFTU),Tier3
North Orissa University,Tier3
Odisha State Open University (OSOU),Tier3
"OP Jindal University (OPJU), Punjipathra",Tier3
OPJS University,Tier3
Oriental University,Tier3
Pacific Academic of Higher Education and Research University,Tier3
Pacific Medical University,Tier3
Palamuru University,Tier3
"Pandit Bhagwat Dayal Sharma University of Health Sciences, Rohtak",Tier3
"Pandit S. N. Shukla University, Shahdol, Madhya Pradesh",Tier3
"Pandit Sundarlal Sharma (Open) University Chhattisgarh, Bilaspur (PSSOU)",Tier3
Parul University,Tier3
PDM University,Tier3
People's University,Tier3
PES University,Tier3
P.K University,Tier3
Plastindia International University,Tier3
Poornima University,Tier3
Potti Sreeramulu Telugu University (PSTU),Tier3
P.P. Savani University (PPSU),Tier3
Pragyan International University,Tier3
Pratap University,Tier3
"Presidency University, Karnataka, Bangalore",Tier3
Professor Jayashankar Telangana State Agricultural University,Tier3
Pt. Deendayal Upadhyay Memorial Health Sciences and Ayush University of Chhattisgarh,Tier3
Quantum University,Tier3
RafflesUniversity,Tier3
Raiganj University,Tier3
Rai Technology University,Tier3
Rai University (RU),Tier3
Raja Mansingh Tomar Music and Arts University,Tier3
Rajasthan Ayurveds University,Tier3
Rajasthan ILD Skills University (RISU),Tier3
Rajasthan Technical University (RTU),Tier3
"Rajasthan University of Health Sciences, Jaipur",Tier3
"Rajasthan University of Veterinary and Animal Sciences, Bikaner (RAJUVAS)",Tier3
Rajendra Agricultural University,Tier3
Rajiv Gandhi National Institute of Youth Development (RGNIYD),Tier3
Rajiv Gandhi University of Knowledge Technologies (RGUKT),Tier3
Rajmata Vijayaraje Scindia Krishi Vishwa Vidyalaya (RVSKVV),Tier3
"Raj Rishi Bhartrihari Matsya University, Alwar (RRBMU)",Tier3
Raksha Shakti University,Tier3
"Rama Devi Women's University, Bhubaneswar",Tier3
Ramakrishna Mission Vivekananda Educational and Research Institute,Tier3
Rama University,Tier3
Rani Channamma University,Tier3
Ras Bihari Bose Subharti University,Tier3
Rayalaseema University,Tier3
Rayat-Bahra University (RBU),Tier3
REVA University,Tier3
RIMT University,Tier3
RKDF University,Tier3
RK University (RKU),Tier3
RNB Global University (RNBGU),Tier3
Sage University,Tier3
Sai Nath University,Tier3
Sai Tirupati University,Tier3
Sanchi University of Buddhist-Indic Studies (SUBIS),Tier3
"Sandip University, Madhubani",Tier3
"Sandip University, Nashik",Tier3
Sangai International University (SIU),Tier3
Sangam University,Tier3
Sanjay Ghodawat University (SGU),Tier3
Sankalchand Patel University (SPU),Tier3
Sanskriti University,Tier3
Sant Baba Bhag Singh University (SBBS University),Tier3
"Sardar Patel University of Police, Security and Criminal Justice",Tier3
"Sardar Vallabhbhai Patel University of Agriculture & Technology (SVPUAT), Meerut",Tier3
Sarguja University,Tier3
Sarla Birla University (SBU),Tier3
"Sarvepalli Radhakrishnan University, Bhopal (SRK University)",Tier3
Satavahana University,Tier3
Seacom Skills University (SSU),Tier3
Shekhawati University,Tier3
Sharnbasva University,Tier3
Sher-e-Kashmir University of Agricultural Sciences and Technology of Jammu (SKUAST-J),Tier3
Sher-e-Kashmir University of Agricultural Sciences and Technology of Kashmir,Tier3
Sher-i-Kashmir Institute of Medical Sciences (SKIMS),Tier3
"Shobhit Institute of Engineering & Technology, Meerut",Tier3
"Shobhit University, Gangoh",Tier3
Shree Guru Gobind Singh Tricentenary University (SGT University),Tier3
Shree Somnath Sanskrit University (SSSU),Tier3
Shridhar University,Tier3
Shri Govind Guru University,Tier3
Shri Guru Ram Rai University,Tier3
Shri Jagdishprasad Jhabarmal Tibrewala University,Tier3
Shri Mata Vaishno Devi University (SMVDU),Tier3
Shri Ramasamy Memorial University,Tier3
Shri Ramswaroop Memorial University (SRMU),Tier3
Shri Vaishnav Vidyapeeth Vishwavidyalaya (SVVV),Tier3
"Shri Venkateshwara University (SVU), JP Nagar",Tier3
"Shri Venkateshwara University (SVU), Tirupati",Tier3
"Siddharth University Kapilvastu, Siddharth Nagar â€“ (UP)",Tier3
Sidho Kanho Birsha University,Tier3
Sido Kanhu Murmu University (SKMU),Tier3
Singhania University,Tier3
Sir Padampat Singhania University (SPSU),Tier3
Sister Nivedita University SNU,Tier3
South Asian University (SAU),Tier3
Spicer Adventist University,Tier3
Sri Dev Suman Uttarakhand University (SDSUV),Tier3
Sri Guru Granth Sahib World University (SGGSWU),Tier3
"Sri Guru Ram Das University of Health Sciences, Sri Amritsar",Tier3
Sri Konda Laxman Telangana State Horticultural University (SKLTSHU),Tier3
Srimanta Sankaradeva University of Health Sciences,Tier3
Srinivas University,Tier3
Sri P.V. Narsimha Rao Telangana Veterinary University (PVNRTVU),Tier3
Sri Sai University (SSU),Tier3
Sri Satya Sai University of Technology and Medical Sciences,Tier3
Sri Sri University,Tier3
Sri Venkateswara Vedic University,Tier3
Sri Venkateswara Veterinary University (SVVU),Tier3
"SRM University, Mangalagiri Mandal",Tier3
"SRM University, Sonepat",Tier3
Starex University,Tier3
State University of Performing and Visual Arts,Tier3
St. Joseph University,Tier3
St. Xavier's University,Tier3
SunRise University,Tier3
Swami Rama Himalayan University (SRHU),Tier3
Swami Rama Vidyapeeth,Tier3
Swami Vivekanand University,Tier3
Swarnim Gujarat Sports University (SGSU),Tier3
Swarnim Startup & Innovation University (SSIU),Tier3
Symbiosis University of Open University (SUAS),Tier3
Symbiosis University of Applied Science (SUAS),Tier3
Tamil Nadu Dr. Ambedkar Law University (TNDALU),Tier3
"Tamil Nadu Fisheries University, Nagapattinam",Tier3
Tamil Nadu Music and Fine Arts University,Tier3
Tamil Nadu National Law School,Tier3
Tamil Nadu Open University (TNOU),Tier3
Tamil Nadu Teachers Education University (TNTEU),Tier3
Tantia University (TU),Tier3
TeamLease Skills University (TSLU),Tier3
Techno Global University (TGU),Tier3
Techno India University (TIU),Tier3
The Assam Kazaringa University,Tier3
The Assam Royal Global University,Tier3
"The Global Open University, Nagaland",Tier3
"The Global University, Saharanpur",Tier3
"The Global University (TGU), Itanagar",Tier3
"The Indira Gandhi Technological and Medical Sciences University, Ziro",Tier3
"The Institute of Chartered Financial Analysts of India (ICFAI) University, Tripura",Tier3
"The Institute of Chartered Financial Analysts of India (ICFAI) University, Mizoram",Tier3
"The Institute of Chartered Financial Analysts of India (ICFAI) University, Himachal Pradesh",Tier3
"The Institute of Chartered Financial Analysts of India (ICFAI) University, Dehradun",Tier3
"The Institute of Chartered Financial Analysts of India (ICFAI) University, Jharkhand",Tier3
"The Institute of Chartered Financial Analysts of India (ICFAI) University, Nagaland",Tier3
"The Institute of Chartered Financial Analysts of India (ICFAI) University, Sikkim",Tier3
"The Institute of Chartered Financial Analysts of India (ICFAI) University,Meghalaya",Tier3
"The Institute of Chartered Financial Analysts of India (ICFAI) University, Agartala",Tier3
"The Institute of Chartered Financial Analysts of India (ICFAI) University, Aizawal",Tier3
"The Institute of Chartered Financial Analysts of India (ICFAI) University, Baddi",Tier3
"The Institute of Chartered Financial Analysts of India (ICFAI) University, Ranchi",Tier3
"The Institute of Chartered Financial Analysts of India University, West Garo Hills",Tier3
The Neotia University (TNU),Tier3
The Sanskrit College and University,Tier3
The West Bengal University of Health Sciences,Tier3
Thiruvalluvar University,Tier3
Thunchath Ezhuthachan Malayalam University,Tier3
Tilka Manjhi Bhagalpur University (TMBU),Tier3
UEM Kolkata (University of Engineering and Management),Tier3
UKA Tarsadia University,Tier3
"University of Agricultural Sciences UAS), Dharwad",Tier3
"University of Agricultural Sciences (UAS), Raichur",Tier3
"University of Engineering and Management, Jaipur",Tier3
"University of Engineering and Management, Kolkota",Tier3
"University of Horticultural Sciences, Bagalkot",Tier3
University of Patanjali (UOP),Tier3
"University of Science and Technology, Meghalaya (USTM)",Tier3
University of Technology,Tier3
University of Technology and Management,Tier3
U.P. Rajarshi Tandon Open University (UPRTOU),Tier3
Usha Martin University,Tier3
Utkal University of Culture,Tier3
Uttarakhand Aawasiya Vishwavidyalaya,Tier3
Uttarakhand Ayurveda University,Tier3
Uttarakhand Open University,Tier3
"Uttarakhand Sanskrit University, Haridwar",Tier3
Uttarakhand Technical University,Tier3
Uttaranchal University,Tier3
Uttar Banga Krishi Vishwavidyalaya,Tier3
Uttar Pradesh University of Medical Sciences,Tier3
Uttar Pradesh Viklang Uddhar Dr. Shakuntala Misra University,Tier3
"Vardhaman Mahaveer Open University, Kota",Tier3
Veer Chandra Singh Garhwali Uttarakhand University of Horticulture,Tier3
Vasantrao Naik Marathwada Krishi Vidyapeeth (VNMKV),Tier3
"Veer Kunwar Singh University, Arrah (VKSU)",Tier3
Veer Surendra Sai Institute of Medical Sciences and Research (VIMSAR),Tier3
Venkateshwara Open University (VOU),Tier3
"Vijayanagara Sri Krishnadevaraya University, Ballari (VSKU)",Tier3
Vikrama Simhapuri University (VSU),Tier3
Vinayaka Missions Sikkim University (VMSU),Tier3
Vinayaka Missions University,Tier3
Vishwarkarma University,Tier3
VIT Bhopal University,Tier3
Vivekananda Global University,Tier3
West Bengal State University (WBSU),Tier3
West Bengal University of Health Sciences (WBUHS),Tier3
William Carey University (WCU),Tier3
World University of Design (WUD),Tier3
Xavier University (Xavier University Bhubaneswar),Tier3
Yashwantrao Chavan Maharashtra Open University (YCMOU),Tier3
YBN University,Tier3
